Reel Number,Text
1,Heart attack angiography
2,How human heart beats look like
3,menstrual cycle basics
4,DNA Transcription & Translation
5,How Abnormal cells are formed
6,How we become bald
7,Malaria Life cycle
8,Breast cancer
9,How Mitochondria Produce Energy
10,Mitosis cells division
11,How a virus attacks the cells
12,How Medicine Gets Absorbed
13,How are intramuscular injections absorbed
14,How Pills are getting absorbed
15,CHROMOSOME TO GENE FUNCTION
16,The composition of the cell
17,Ovulation process
18,Neurogenesis
19,How NeuroSurgery was performed
20,Process of Blood clotting
21,FUE HAIR TRANSPLANT
22,Process of Blood clotting
23,Role of the Lacteal in Lipid transport
24,GLAUCOMA
25,How food turns into body Fat
26,ANGIOPLASTY
27,SPERMATOGENESIS
28,HUMAN BRAIN EXPLAINED
29,Blood clot Surgery in brain
30,Inside the Human cell
31,Total pollination Chapter Explain in 50 Second
32,Ovulatory Cycle
33,Follicle Development
34,How White blood cells Work
35,How the sperm kills in the uterus
36,How We Hear the sound from our Ear
37,Muscle Contraction 3D
38,What is HIV (AIDS) and how it works
39,Escape Velocity
40,IVF FERTILIZATION
41,Mitosis Vs Meiosis
42,EARTHWORM -MEGASCOLEX
43,EARTHWORM - REPRODUCTIVE SYSTEM
44,How to insert nasogastric tube for NG intubation
45,EARTHWORM- FERTILIZATION
46,Human Respiratory system
47,The secret World inside the plant cells
48,Sponge porifera water canal system
49,How Eggs are formed inside the chicken
50,Phylum PORIFERA (Sponges)
51,Human Reproduction Fertilization
52,How COVID-19 mRNA Vaccines work
53,Malaria lifecycle
54,How Coronavirus Attack a human body
55,How Brain Hemorrhage Happens
56,Egg Always Rejects Lazy sperm
57,STROKE ANIMATION
58,Blood Clot Removal
59,Chicken Embryo Development
60,Salamander Limb Regeneration
61,Monarch Butterfly Life cycle
62,How does the sense of smell work
63,How Endoscopy Works
64,Conception To Fetus
65,How Spinal Surgery Works
66,Inflammation
67,Structure of Skeletal Muscle
68,If only there is a page dedicated to most beautiful girls.
69,From DNA to Protein
70,Neuron Structure
71,206 Bones Name in Human Body
72,Strawberry DNA under microscope
73,How Cleft Lip Surgery Works
74,Knee Replacement
75,A Hand Transplant Surgery
76,Craniectomy Brain Surgery
77,Lumbar Discectomy Surgery
78,Visco-Gel injection for knee Arthritis pain
79,Total Hip Replacement
80,Hair Transplant Procedure
81,Reverse total Shoulder Replacement
82,Heart Valve Replacement
83,First Metatarsophalangeal joint fusion
84,Reverse Total shoulder Replacement
85,Endoscopy Coin Removal
86,LINX Reflux Surgery
87,How does the Stomach Function
88,Thrombosis 3D
89,Sperm Attack by women's immune system
90,Face transplant surgery
91,Ankle joint Fibula Bone fracture surgery
92,Head Transplant By Ai Machine
93,Double Fertilization angiosperm
94,Sexual Reproduction in flowering plant
95,Coronary Angioplasty
96,ARTHREX ACL SURGERY
97,How is Rhinoplasty Surgery Performed
98,Ventriculostomy Brain Surgery
99,Cameron Underwood Face transplant Surgery
100,Lumbar fusion of LS-S1
101,Pituitary Tumor Resection
102,Brain Tumor Resection
103,Brain Aneurysm Treatment
104,Imaging of Bile Duct or pancreas
105,Bronchial Thermoplasty For Asthma
106,Minimally invasive Valve Repair
107,Inguinal Hernia Repair
108,Gallbladder Removal
109,Cervical Disc Removal
110,Totally Endoscopic Robotic coronary Bypass
111,Why Do we get Tanned in sunrays
112,FROG LIFECYCLE
113,Cutting Planarian
114,How Sunscreen Protect Our skin from Sunlight?
115,How to prevent Hair loss
116,Wisdom Tooth Extraction
117,How Venus Flytrap Eats Worm
118,Baby Girl Gender Determination in Ultrasound
119,Planarian: Regrowing Body Parts
120,Medical Device for treating Heart failure
121,Diagram of Human Bone
122,Cyberknife Lung Tumor Treatment
123,Oral Airway Insertion
124,Bladder Tumor Removal
125,Nasotracheal Suctioning
126,Open Suctioning With Tracheostomy Tube
127,Tracheotomy Surgical Airway Access
128,Face Aging
129,How a derma roller helps in hair regrowth
130,Tapeworm Under The Microscope
131,Nail Dust Seen Under The Microscope
132,Ungrown Hairs Laser Treatment
133,Galaflex Soft Tissue Support
134,Follow if you are a medical students
135,How Does a Derma Roller Help with Hair Regrowth
136,Laser Hair Removal
137,How a leech sucks blood
138,Hip Replacement Surgery
139,Chin Reshaping Procedure
140,How is Spinal cord surgery performed
141,Jaw & Chin Surgery Simplified
142,Correcting an Uneven Nose with Rhinoplasty
143,Laser Hair Removal 2
144,Tooth implant procedure
145,Dental Restoration
146,How a good massage helps adjust the catheter
147,Unseen Dangers of Pore Strips
148,Heart Sounds in Different Conditions
149,How Ear Surgery performed
150,Breathing in Transparency: The Glass Frog's Delicate Rhythm
151,Stent deployment
152,Total Joint Replacement
153,Nose Correction Surgery
154,Follow if you are a medical student
155,Basic First Aid
156,Ganglionectomy
157,The Process of Muscle Growth
158,Saline nasal irrigation (SNI)
159,HOW COCHLEAR IMPLANTS WORKS?
160,Understanding How Stitches Work
161,Decoding Genetics
162,Antigen Processing and Presentation by Immune cells
163,Laser Tattoo Removal process
164,This is why it's important to keep flies away from food
165,Unusual X-rays taken before surgery
166,Correct Sleeping Postures 
167,Have you ever wondered how they manage the final stage of childbirth
168,Blood draining toward the heart when the arms are raised
169,Trigger Finger
170,The effect of salicylic acid on the skin.
